public_key,bitclout_amount,reward_transaction_count,is_genesis_account
BC1YLhw5kndPuPeWEyd2VPeYowZuf9rY9E9QwSjpVkEyLiLVVPiw8P7,385432.9072111,1,true
BC1YLiYxGdXeuPc3QMzgBv26EwfxrpwemdGxGZAZbh5qXgf7DennfhL,379387.2590423,1,true
BC1YLitz3fid4UWR337TPRerkLaFAx55i8XktzU58idKMReciCBDfJ9,329654.0497013,1,true
BC1YLjAkTwNw5AKy1TCHT8qjZjmdEojvtNpB7wgFdguZ78scMu3KeBo,285857.902913,1,true
BC1YLjTYqQV5CfH3ckQZAdwdbkEu1uSWJg1FNBu6CmL3DQZJwLceHXH,267648.349450008,1,true
BC1YLhFidFPHVcNGq674VgQxjJgzsjgZZDCiZdTnyHGFzgc34BCBHFF,220136.6826799,1,true
BC1YLhnXnSKcM4pYxwU3a24bigPJx9LL2gjrmj6mPfv5c771w5B1weS,218128.877254,1,true
BC1YLjYXVtVBz44u83r66B1NsfgYhDiNmnoYYznazvoGMKy4pTXJxHL,197917.0200168,1,true
BC1YLhKJ9c2JgenLguCXsD7gTJSeNdMLGMdnVCBJKzRbPVsU5GShCER,190726.0580986,1,true
BC1YLgSCCq3b6mCmdiviV6nwW2PmnqvoebmAggcKqr5dEDDbzLyVrxs,181484.34002,1,true
BC1YLitoioHvpKXnR3fWcgSk5hMX72driKBrhFwehG5inVBnvp6kF4A,177204.2353938,1,true
BC1YLffz4MC2HZzZdgCahbcBac8Vrsr6mUEDEMrGEkaFr2ux9UqaWbs,175705.8331863,1,true
BC1YLgXV9RYADBhJGxrkpCvHbgVswSXXigtdtWPhfjZiNqgyRg8Ds75,168000,1,true
BC1YLh2eE4VFzJA7evEEwvtk5J2qxWto6LFKUTrDHQV3urJspJ3awhN,166667,1,true
BC1YLhgrsxAejRUyhYmZRexhXq3nNbBgWH45TC56rxErHCjrKEhseYq,166000,1,true
BC1YLh6BgwYi4xA77ben3ia6xDuVfwdxoiH4wkPYsiJ4PXgk5FQtFSb,166000,1,true
BC1YLirfuVnByxfQk5kwNKyk13oa28mDxb42Uiw9My9LrhMgTkumt3n,157644.4637993,1,true
BC1YLhyvDW9naATAm4UaCGMFxFaJXyBWFUsaWf1fUKKqDUYzy3Je1WU,156250,1,true
BC1YLjQCKJ9CSkgUfAZZMdnoy8kzo7r4gj64wyHGcDHm61CaZCQ1AhY,144735.1700914,1,true
BC1YLihdNE4cuzEe1GMiKNVEFxnpKdeqbGY4ht5J78gsyeve5jMc5Ln,126349,1,true
BC1YLhsWBVFCbPSaXQo3QfzcyB8w46ZjqAAadBPDG39ozD1HTkh1Su2,125000,1,true
BC1YLfnQurEcFMCaPsmgtnzjDSzNCSCjYYvVLyvWvmYL6nnfrFHoEkb,114818.6924628,1,true
BC1YLiaKo7QgQwWTw3i9XJiyknpzHjp423m1HWCzYyTTn9FQ6m3SNCg,111272.2533742,1,true
BC1YLg7rpjjRHvisUho2VBiYYVjTTh7tr4dyC8YhR6vxsT8eScgFfX8,106178.1374015,1,true
BC1YLgYUZjn7F2vgQtuvcUEHs58TH3kMLPKYy78paTBSGajprxVznLH,100901.3749691,1,true
BC1YLh6iu3qwn38Vt2CxChkoMMpSj1t9gBgo9rb7xyacVttT2GtSa2m,100000,1,true
BC1YLit5fPAk8TjxzwX59bmkjCH7kMcB78EX1WVzxeSVxUhQt4UeZ7d,100000,1,true
BC1YLiERnecme7UtXan1o3maSo2ETLQM9K8sbPunUskwYgbMwqAkDWo,100000,1,true
BC1YLfvojDtSJ2Ak4yukZpo1xok8x5AbqaAhCooCY4a1htwwbA6neNT,93750.0100149,1,true
BC1YLiktAvKAZGvKPjYEmEw8CWFicsFoaRU3RZhK2FPkHHtFu2nxmER,91667,1,true
BC1YLitnSuYscJ2GyHt9g3SfQKWz5ht1Ee5LUxBNk22Jo8Cde7Wupy7,91625.2528626,1,true
BC1YLgnKq3aJ9SL7zmiMexjRRqvenLeHQoVNRKnbCiNM4QxPgn9QU1q,91625.2528626,1,true
BC1YLi4WxfmuDg7Dxzk1EFrtph11g95R9BZEaUe4BU49vPcn5Znavzp,87500.0100153,1,true
BC1YLid4eKUtbSkW18ougehPrKtYJ8TDG53CnH6R32pAuaYoAmv6ybU,83334,1,true
BC1YLiwpJAWqkmxgtimj3xKvaoif4Fz26gpect4N4pNupQqmgtLPo15,83333.5,1,true
BC1YLhufpa4rdVfEDrjQDkU6i9AVxwrdqqsb4Mi4iQ9gBfLm9NCYiQM,83333.5,1,true
BC1YLhFBcNrseKxhuQM8pV2DGL3DABaqRKsNFHpPHzdz1qUTF638WUp,72194.4763355,1,true
BC1YLhJPLADZPXy676KoNDqMcWwJtM6cmPQNBToDCeLjBSEszJ5Dj58,71545.8939979,1,true
BC1YLheYMsM27NFDakSFc93SWcWfJww5quuKCAQD6FT99LJ3oCCoVC5,67438.63002,1,true
BC1YLh5ktPcHEuDAYpNTMYUQWbAmMLZsLUFZhTYvbxnUSFdpiH37Nru,67058.8493312,1,true
BC1YLgtHhFwtUTmN9eidpohzyKKnqsS7w6odcy1ywXAgRLqhuqTSGxS,62530.6662228,1,true
BC1YLhYbPPuoJMxqCmbFTJumj7t4jHB6aVWyDct26V9eeyk9v96xp2c,62530.6660174,1,true
BC1YLg26dcBA1HjTkDwXPH4oog7bVGbsQKj4G6rmHkZ6o7ApUzW4S8j,62500,1,true
BC1YLhj2D5wTNMGyDsw6VqCZTMBezmWj5wyJ5LYpNZWUUAXHHuTfMZi,62500,1,true
BC1YLiy4PJSw18A1Re2eBJAATrVErWDBGC5jpfszzDBKorb6zGa8gkG,62500,1,true
BC1YLj9JmVhTRbVrRC73yxnVGHNg4xB4y45i6vW2ZCtVV2ReE2JQu5L,57187.5,1,true
BC1YLfhFEngGhnQEQH2mtiyQVZQVf3dpMxiPQykmJ2UsuAKGE18AfCT,54668.5863789,1,true
BC1YLiteqMyLp9GA34Y6FDwTBCYu8U6fi5W74U1CiRKDkLqdyD9EouQ,47710.5537724,1,true
BC1YLgHLhDygs97j5tL6DCAxztfdw5tFpRrt378xYRnZU3zsmN3mVBJ,41667,1,true
BC1YLfzc73tyvGoHrktLWHy9NkD88JAGDmBLG9o6Eh3GgabyGBiDy7A,41667,1,true
BC1YLiZQWbhUM1uArCqDSe93vUj1ZkP9Y92pfrN5451TTJq18XBdbkh,41667,1,true
BC1YLgZHeQRCqCwuBgtSUVLcC8fDpRmCduRKv5h2uheVA9u6QbwFFe6,41667,1,true
BC1YLfz8KP4Gqiec9eqXnsGMLmZofocoVxASsVZzenveE2Mwxe4i7CR,40447.1422175,1,true
BC1YLiPF4hTFuDZCXir62nKMQCXgJzi1e7z1HyJXeBtbJwTCbDER7Bs,40318,1,true
BC1YLhDBoQachfhwqVNR6RXjeTdiyK4LTQkjKZJDtoa2KhCnxBSuCug,39201.1368241,1,true
BC1YLiXzk5zweP6TywCu91qFLbGuzFBMoJBTH39r9dtG6cKQ6dMoDzg,35000.0000013,1,true
BC1YLh4znr8Z5bFgpPkgiR9v4DasyzKzw7fkKF7WL2GL6oo8HBignNH,31909.3791487,1,true
BC1YLgeBCWdzYDXcta61nCqwfuyj3VjD2kkKiF2rfuu6dsBU2zRQRtk,31250,1,true
BC1YLhJmNVM7VHtYz1v4YHNS6vPV5iNG9bBinV8qk4RrM86srrTakrm,31250,1,true
BC1YLi4JMMSgcjmTV715SwzUmNj4uZosiaNWt1UyJ8fYyUfktUVWaar,31250,1,true
BC1YLgqV3eAnp53JdonA8jV9xjDgtJXGASbXvDVxDmveUdnBW5AkmDV,31250,1,true
BC1YLfmFnjX9D4Hy4a3uETXHm5LH3VCpda32GRPf7cfHpycVYrBcJzs,30788.8511472,1,true
BC1YLfgco8qmMEzdgqZV97ZMsdcETHUVTMShtHaUkwLfcoUG6ThbNLy,30000,1,true
BC1YLgGUvSCBToN9gbThF3cETR4B2dhcaFBTyUy64NCmY4Y483WfHUX,30000,1,true
BC1YLiurPgSErjsC8YSqZZL3pQY5UXkzSbzvMVifbdCpac2v6i8adYP,28101.4848514,1,true
BC1YLh6hhf2koahaMb5nydvB5EHzEAP6MZPSsQM8Ka4Ko4gjbeXjQjB,25592.5244409,1,true
BC1YLfrvJwwAjDcL3Tq2spWbvXCJFadiDdJMyvCaeHgG7snSsYNRKXk,24747.3501084,1,true
BC1YLjWZutGgru7KNgdz2TBaRLEJZzWdHTA3kRpgW68DjjeEq6JS1j2,23161.6089064,1,true
BC1YLhqEhWvNnwW9TBqXURFqwkdpUYKrMVgTHQzopF5rRBDcD1LLSUp,20893.2147698,1,true
BC1YLhr7wX4jJeZYdxXabDN6UjMRxG6otFFqMuEwCFnXXEZJgBtHXCY,20833.0200134,1,true
BC1YLgUU57aMVyfmrprFZicifoaH5QD8WdBWxtw5PWusD4Spe3CjwoS,20000,1,true
BC1YLgTH8hTRDZGMnGzkCDjFervwmsbTpUoChN5ePb9oWMgFaX1uu21,19821.3310379,1,true
BC1YLj7bjLHWi1oRdzVMFJD8m92Sm6Bj4tbH7BTCSzJsVGkNrGKLzgN,19319.654163,1,true
BC1YLfoUcMpzwm5rKQUWTH4TukSgooozoM3QK3xKdroyxxKt81H6LAR,16909.6671446,1,true
BC1YLgSBWbN3PxHrDTRvjMtYdA1mTEXZ8x35fZozWaVo8yBEipFm8WJ,16702.06002,1,true
BC1YLhfqALhS5UU2mRhsHyToHMEuH2iQDV3vGa1vHbfmHhvqVLNomVt,16667,1,true
BC1YLgRwztiBxupHgz2XiRYFBjDqh2k55qhc5YoACCyQV8UqoQzVvm9,16667,1,true
BC1YLiEbKxZAi1rMLL8W4FYfr757XjRThamV7dQNHZWPmamESPigq6m,16667,1,true
BC1YLhfV2NEk2oPk57Z5dv2LwC7scM5Ncsqgw1hnh2e612YpwYB96Dy,16667,1,true
BC1YLgCaNEnmZyQfKXEc5Tqd8ZU83rvNuXjzQKgtBAcLKAWfLtbotpB,16667,1,true
BC1YLiNjd7hxMKPhL6pwHff7j7642VoaWAj6KcpNScpZexVNARyn89r,16666.6800162,1,true
BC1YLicyGzKNk7huWXVTrb3q2JENZJuhsMMtYS6hesSdKqz5v3513Mv,15625,1,true
BC1YLgviEemhdqdZ1FXpx1BV46QBb6NRwcjcCHM9zUntduDefiFXgR3,15625,1,true
BC1YLidaqkBtbWqocPW7899A63WFgU1mRA9URiYPAFtmnKrhZDahrJa,14063,1,true
BC1YLiyKv1FDuHRTwc6XqLVKp4rHLmDzCU8tDfenLYML1Trh7RT4knt,13750.5703007,1,true
BC1YLhpD751wXe3YddHHxNb37XvMzixgXDSWRpPR9aTP28dzXmmK6DR,13750,1,true
BC1YLgWWfQ1ei5pihgruLX8wAdnK71oiKkVchYTxBRhc2XmCLmJwo62,13464.4367801,1,true
BC1YLgKZyfgyNntCMXAZYExM8JooYqrYvVsrR8d8XVxorDruYFdq31p,12912.156054148,27,true
BC1YLgnXG2oG6uhsoc5QA7KX39oXxtvmUxEvEVYHyyCWe9vGitRaEVW,12381.8441988,1,true
BC1YLiGAfFGAU19wkwymTFwjnFcWRxFZohrDSJjVKsHqVVbM8b5frf1,11062.152861,1,true
BC1YLieLTWRbP196ZGbVPWLGza4ZiNbYnBmbfnDSigbrzVmSLDoZpa1,10886.862799865,1018,true
BC1YLi7qauajrATCFtftpb2SvRBaBeMwBJLGszf49ns31ErWTbUhtNY,10668.6449806,1,true
BC1YLhpfCfcBTrYxMjqDd3M3TiAEwGJt9Vy8iaiEyE6izbBpz4TWQcN,10650.5597325,1,true
BC1YLg7uvPkRBSwmNSMwYdMBTubEsg9vh2SeUCY1rTHUWCYM1XHvLLz,10366.8037853,1,true
BC1YLgVXYRjA2rSabyk8kgbXML8eACKd93SihFNyTSxvd6zYQM3nJAm,10226.1848833,1,true
BC1YLgoGKCGAWNUfx9JSRoYUk1CWBsP3cB9FfAWxe8AQbnxhVDP8jSD,10000.0000172,1,true
BC1YLhkpdRn4eVobE75QA6DGj2o8o7McP6eKjh6gMGe468vf4JExrjc,10000.0000157,1,true
BC1YLgs5aoZno8F7Cnk87LgqkTzALeEK1tCf7476pR36pxEvUz1gJEL,9789.838167,1,true
BC1YLhBLLuyrmDLaptQEHwubuCBv8XfiUbqr4KxyYoNGTrioETYMz9B,9571.1979534,1,true
BC1YLi9kcfg89zW2EVmj42QHdWKEhmM1HkAF2eXtCwtCE5BaXHzAwhc,9416.6832992,1,true
BC1YLim8QWw7SoiZiuKKWjiLjyYbZVVdR1Byg2eETFGBBhjfeCE6JB8,9375,1,true
BC1YLiyR3qJwAr2oKXExgjsZx4LmUxhqjWkGGQjEEUpzrVPTPX78ips,9175.0548582,1,true
BC1YLgjwuV5yeoGeJ6P5FQpjoWfhdhDniXcQWbeYWtGmNTzPkNbWTjC,8358.8585269,1,true
BC1YLgDwQwat2WuDwcsXeS3dsQxfrBjBHYSCKyyHkFY5Z9dSSo4ptx3,8334,1,true
BC1YLjKf3GPn2P7bZryCr7AtxG9DuFQQN95n4VoptbFtYGnML1EP5sg,8334,1,true
BC1YLjDzD8Wdzz28R8GRhjZG8F3dDGug7nvvc1PdKi1XDoPoMfPYJ7C,8334,1,true
BC1YLfoY1QNsDxeeVhBtm57pYDxayjLrAYtTXM9p8DfF2WAHwZh9y6a,8334,1,true
BC1YLhaFCQ4B2MXAMU9BMCk8YPzv3kQYmnK58u8VdvbJY6dwNB3hay9,8334,1,true
BC1YLhX3HZsZKYyJiv8aaoAdR5mgtf87RUiC2PyFDUFaRT7cMhtNiep,8333.3400032,1,true
BC1YLgytzxKQaxauKseGv5pNTgN3832BCZm4Uewrsm4hsrtC6VgpssX,7756.6240733,1,true
BC1YLgRTuKdWRMUZHqNprpFzEgySPfAAG6ddrZ8ZQuiSN3XDLazbbYP,7384.3764695,1,true
BC1YLie93uNWhTBH7TS9iqecXhqXvFF7dp7iZJyBXbjjvjxrmVVMf3n,7367.6186708,1,true
BC1YLhV41GmELfh6zJiMmoozC6q2kvvuFdgUXnCR5Z9RV2ppcdfr2mg,7019.9877198,1,true
BC1YLge4CmauYsrUFvJ16iynvcUEqiELAL4XcCvRAXFQ2XaBJ4pfEN7,6588.5940515,1,true
BC1YLfuPKvErRtLmVB1mBkiyEDpFUDR5V66y4U5vh1RgpTweCyTN6aC,6250,1,true
BC1YLjWdpodi52TjNYUiJvEmZnSTRgNyyHy4Xf8VChKMLuq4pgRMnDw,6250,1,true
BC1YLi2zMFFn2hi1p8bqJ4PbcLJ3qNF46aC1YxGCh6h6GU8gSngAaXi,5125.6831793,1,true
BC1YLjRnQ3PVREM4uecAgLgmFX6ezzGRydgJEWiuKvZEo22UFqccAGp,5121.1970804,1,true
BC1YLhN4PtzjEq3y3U2itTf99Rka68tSBUGd7budcjvUsPB1QaXDNmt,4999.9000138,1,true
BC1YLj3NjV2vZt7wUoirjUdKzCvLaBDLotPeymxRZ1Rik2JLyYU6MG1,4167,1,true
BC1YLiQexbhPqV2D1Su7U6pogzRgV75oc1r5eEQewHtedxWvn5T1PKb,4166.6800137,1,true
BC1YLiaxtgmo87WhrAkZPwRbrGV559BjPEDXmNd9YkYTVLoN22FHqz5,4166,1,true
BC1YLib79qmLjsjo1FmS1V4DZ5nZ488T65emzSjDuwa1NoD4fxcSAM8,4166,1,true
BC1YLiLbwgFaA8PgyrjyRVzA1pzHvsJZ3JiK7e6Wopc2V4ZXiDb2eXx,4144.7978328,1,true
BC1YLixKcChS3YX9DTwLi1PLdx9qW5ikCqMESms2kqwvrpbempnsgvF,4090.3080326,1,true
BC1YLhvGoLXDYt7cDfaRfETMBLkHAk2tDBrpUgdXV5MAjuaArxmioL9,4005.0862409,1,true
BC1YLggvF9eHXTJ1KAM1gKxcDo3WWXiEY3QcnNgv7D2BsKq8hQkhkjD,3945.8465722,1,true
BC1YLiWhFc7jgCAiaY39Uer7kpTdDMSyPH9zQma9N4hKXyXeWX5cmh1,3890.8168997,1,true
BC1YLgQmmC1vwv9KgQwPT3u43crY7kD6Yp5H48C5rFaYTKAqFBkBDpH,3877.0935873,1,true
BC1YLguBNmvvAW54s16QsUgHNhXWonhGsH81AthH1pvtbRXWxEfzHed,3825.8604161,1,true
BC1YLg4CZgCfb2jMHhqitrjDACbRSSr5uyJsqBFgcceuPhYnwKBUS7t,3721.30054,1,true
BC1YLj99RQCX73ZRzZv3ddWBPKDoo69HZLRpAxo3RFcmraodt6tt5od,3449,1,true
BC1YLiKozhnqzdHaMKhAuY6arD2rkSTcHuJk2VSead6HNQAkV6wDMzY,3449,1,true
BC1YLfmv5vyQXQEsDua5avbxSaAsQ234G3Ling5yeHDALWtUtuPJYcc,3449,1,true
BC1YLht13c8dpCPi32MRgBbeJfWFJHx7ccjF4SXshqeQVRpU8EVwJea,3449,1,true
BC1YLiu9FBbriyHYeaDnoVLWTBuHVNpPhWYuL9N6nFjNSzGgnSPKmoP,3377.3686797,1,true
BC1YLjMqbsDNDkD3MGuBEvGkcz2fG5rTXfYuk5zN79TYKKd85q8nbWN,3299.0709482,1,true
BC1YLhVYB4JLTN7Pvy7RmNreTeVK8DC7nonkawurRmJiVNcChhyxrgB,3250.1225239,1,true
BC1YLhL6hN6YiNVELFy8HwGYTNatLdD2gJwN84hMcPiN94WGBcjVsSE,3180.3633739,1,true
BC1YLhC3caySNs36jjEJSDqxiafQsLuYBgSahGuuQ5iX2VRmVvG2w6u,3125,1,true
BC1YLgvZxe8cyXrq4RwErDztGK29SABWHbCi2TtE5tFZ9qe2TDduVf2,3125,1,true
BC1YLimRmPcdUK8aZ7KDZQEsk5vbcowGVPeXxa6fV1Lxnr7Pz63nwP3,3125,1,true
BC1YLfpcgxSW1V7PsRogGRzQkuENeJzHKtwunDHw4zihstVxtVMzVgJ,3097.2930193,1,true
BC1YLhf1ywDYXySpBZVCq9A19rnoPrJe5M5fCFm3eQfogAiepPKEBKU,3027.1196828,1,true
BC1YLfqL4neTSBPiiURxTyajt1y1jhkqG4qUHqEuYDtZwDD2mPo3ff6,2888.7789568,1,true
BC1YLijH993WX8dC3DKera7Cmim1HrBGNNmgwnEMzzCFu6Wmhyj8AkC,2750.9093074,1,true
BC1YLjSd9yxRXnL6btC6WQuFSeySQZjSGhiiVRE8z7qwhVxzmEXAHyg,2707.9088708,1,true
BC1YLh5rFQqfjmANKdqwc6eCJk82BeHiwQSy8D18tLwgCPrV3N66GYT,2662.4472065,1,true
BC1YLh7FUoNzbSC8ZVLjj3TFqnZra3sAv6prp94iHAdk99KUBf4gGbW,2439.137822,1,true
BC1YLgL6LNGHnGK4kFmHCHMRy5ku3h7TMGnpyvrzREkqAoyUA3UsDw2,2430.1882275,1,true
BC1YLigKLfJaDh5j1dVyZFovHfoZVWoeSN8H1cmD5n5edejqhMvLLaF,2309.197866002,1740,false
BC1YLi8vvx9LLHsNyMewiQpb4itngBhfzaYuwPAS9H5hjQWkmpLorqf,2069,1,true
BC1YLifLD8vsygFuUkBUAuEieYMvqJgYgd7kq42iJERTDhi7hreUFaM,2000.00002,1,true
BC1YLhdXm11CNhaDgYo58xFszJLnAtWx8n5xecDZncT1d8Y9mX5zv51,1949.4170946,1,true
BC1YLiVng85x776Z8vPGY3JgCZyHhUHNyqFfVfaWG7TMi6hfte1xVHw,1906.8714012,1,true
BC1YLhfYdpJhKLxupZBvkJmjVyhFKjKfVZnZTLbEseRk6bLKTGc2X2B,1875,1,true
BC1YLiAkTUnHkTWRkMyiwbc4qeJagFaGuNodD6g6AQUi2FkZRLrwXMT,1859.2003573,1,true
BC1YLfhV4yvKDw7RinkNG4uFGbcCSanMFkpcPNTeJjCr9RmPwkQscoi,1748.5362668,1,true
BC1YLj5H1g99oa4W2rN5VBQmb3U1QEy18kN6HLBdFDmhyDKocWyeTjm,1726.9147111,1,true
BC1YLjXjAR8Sss56j5Cpef5tatvpCccPxWrAq617b3MdsL8zwyrRQaL,1692.3166799,1,true
BC1YLihQpm8LFwj19XuJNqKqCkcYBnPr3EhXsGHxHPgT4k7RHp3Wc2p,1677.8618407,1,true
BC1YLfmd9tPQVcgv1dz7NFWBUyioTq1odJgJ4bEHMTDVNCR5yGvnfBk,1662.2015253,1,true
BC1YLi6ZFqFTgkyrmQqSEZvcEViQaVFAvZy8pyvwrpgttT2pH46BPSu,1652,1,true
BC1YLitLDbGHKthUNd9LEXc1Di9SCgLwwmcH2yq4VjadD8yNxQhEC9D,1643.6070581,1,true
BC1YLg8jbwQ44B8UFCQXbgU9NxL9msZssciWr9ayYqjjNkaW7D27BSq,1593.8971799,1,true
BC1YLgUjYBayWvtA9gzRJ7rZo5DABNRXAb4pdABMJ3PwmPBrChYM56D,1563,1,true
BC1YLjQk41GTqVbsg5cYtbVEhK6gWqtB7MQnHzVB29rS6ytmVt7Lc5A,1563,1,true
BC1YLh38t1psuw5LkRoNH6LBNMFxBT3gfUZQd9icRYzUxmRLtU4RGXY,1563,1,true
BC1YLiYqSLmbMTwmjcDvwiLie9WTGYeBzeS3GbQ9aXqDheJL4nrzKJw,1547.2827612,1,true
BC1YLh6wrg8TtzYQk2kLYjgPdnV9TXTvDx1pkSnmKx5C42kgCUb8Jro,1507.3153221,1,true
BC1YLggwiqKLSFEj58fFoKzPEiCwkcjtoQ2Hex5JtkEGcxNX5eFJFqb,1506.841863354,1237,false
BC1YLhS3xZJ7RToJJc49dsmxBfABWkCax4r6eFbe5bSJJ63sH4p2yLN,1502.267241801,1111,false
BC1YLftgoAXCJk35CmAtYraybAwdiGiyojNmPSKT5gXH7QwY4UsTi8u,1464.7794,1,true
BC1YLgaJzRrR4CL85uUY8AAz3dfHCvKyitZVFH1pCP19XjWVRV4UZP4,1440.1029378,1,true
BC1YLgN5CqecVxmQaD66VNNGbyPwYbL6B6wtRKKeNpTP6gYrKQojTxr,1436.2025227,1,true
BC1YLjTa3diEYTafYap4QQgXpoZc9vUH17WB9LQKwHjW7pBhUxG9QEb,1279.5898722,1,true
BC1YLg6DARtEsgXXF7GjVXtxVsLo9zCk4fJ7HMQS3wTwmH5xpxVFT9h,1169.43304742,1089,false
BC1YLfniDiewVaiL3vbQgRETdZ5Xhy6QtgweHoa9FM7Ruu4Jb7RdfYT,1100.0000112,1,true
BC1YLiVrR4iNYkGBJWFRuR5hpVH27YUaENoVqeYL9jmcn6b75NmXmpp,1084.711965918,741,true
BC1YLhrexE2C81ERGm6sCUQNSaKqVAUnLF71AcBsG2WwbA8oMbSjcSi,1000.0000193,1,true
BC1YLjQqNR92SReZpAAHCuUJ3UbhBULdBBCNm8F5tKuLHZTPCat4HN6,961.144046915,519,true
BC1YLgFoqrAB6oSDSuvW8tUv2g1gTjmNtd1uNiCyXELEXRwWe5tX2PQ,863,1,true
BC1YLhDJCrLLPBQgw4jX7c3t91icnqjCVTU2koFBRZj1cUESvP6hTSt,820.357772622,447,true
BC1YLj33GgSeuPtX24gxccAEmiKkMAcCKkC7dRnq88WcaVooTrKs2FG,781,1,true
BC1YLfjqZFJnXxJtGeUdtsakKqSQvfvPSRXLs2697RcQHnuZCbiC3Cr,781,1,true
BC1YLhAAA5Lekz25JPSjWf2QKgXDEDf94PatxSng9dmY29ETsQsQzPf,687.1990098,1,true
BC1YLfvDriCDusDjqouuP8kRvowU4Y6jVBba828p4d7ZFSs48AifMv5,560.171977569,441,true
BC1YLhHcAJYaAi6UurvfFUWuQHgfCMHZ561sBiJNQnTJDHXhYeNxPiC,508.0606825,1,true
BC1YLi4aSxPrQT5zbdr3dLazQHxuq3t7KVWEKzu7nhVHnV3vtshpfyA,429.028488635,25,true
BC1YLh7Zm2hucA3wKTU9GaGbDamKCy4khXR5AihbGzGucqwz2yrH6E9,379.9032724,1,true
BC1YLjLPA2soDj2U9uhvFZqaQiLuN7TNTye1S55Hi5jNhz6sA1YvR9y,374.3741303,1,true
BC1YLhSkJo5dhiFK38eFdViXm1tsAVi1ZFdNroG1RoB8NJG4JnDLzNK,366.72538345,210,true
BC1YLfuRocdSnzprDojPXRgNY8gMRSLE2PFukeFnasPPWGVtPKdUdgE,335.2864891,1,true
BC1YLhva4PAwB3FvFx7j6NBRFwgj8aHo29ZXTNa13WhiNetPw1c2ePZ,325.3699027,1,true
BC1YLfmgKvbo5fmZzXV4hcmBsWGbKHU3rvSvGkpvjZTuktF9XhEgc6n,278.7589876,1,true
BC1YLgx2wbwiTECatHNmAUU5sRF7HiFkwp3CiDCz2fSnh19DNdPDeHE,250.123425163,87,false
BC1YLizPWz8s3yyjhXqdKatZiL564wmRV2zsttW3ThMLSoVnvDesTdk,211.60443127,191,false
BC1YLiZueqau9Y1Xz6NKHfkPKSJV8WeBEwhbqzSxMq3HBJtuHgDqtY3,191.935881948,178,false
BC1YLgFuXaux9VwGFSdXoD8E9ymixbuamjagZJt7h72xhJC3NfWbY3f,186.48417275,175,false
BC1YLg2urYbqVg6Ffw3734A2dbhZ55ki6twxcJVakYDowmvZk61ikWX,182.8049067,1,true
BC1YLibQjBKho3DWm71JSz3kkLDy61iyEHfoPidWbdvKSwEZ3EXQLXN,125,1,true
BC1YLiLbF4ZrTCfABtimnpGbpkkPXFbijJ2CUD7a8iwz7Fc13qPMC9M,115.4441153,1,true
BC1YLg4NkdkjDNh99vMDeHciun61q8RZuHCkwyPSwgfDqX3ZcYhjEsq,104.432816778,100,true
BC1YLgobv17TyMgHomgb3xFCgh2NWsvz9VTx2JNdNix3UnuEddbVPsb,102.408669,1,true
BC1YLiw4kahoSZpr4j74k4Wa3BURXEtzQinc5bT5ykPymB7AwVRSJaE,100.5782627,1,true
BC1YLhWhncFqb39FshS2Fk3ozCLX4WDRDqs6GApNEPjvommt4A2Jbw9,91.999013451,79,false
BC1YLgbzDmXnRLBthoWa6JBWYBKGJHXZG23VkZcaXon16uegn8LPesQ,66.050438799,1,true
BC1YLfvSfSZiYbRvyF27fLdG9ktcE4tXbVnKEsDPUw7h188MomybHPG,64.943055937,59,false
BC1YLhHP8VU6Gnm4fdcLRo5upnGDS4sHVyhmGmMYk35pYtb2zE9buNB,53.140006,1,true
BC1YLgpS1JEyEnFQ7pLGyQ7NyktocWjEKWt24gvBiFFNeJ7uitpFXvF,52.0587748,1,true
BC1YLgALyymwAyG8RFqHuzETKDLeTwTC57zS3gQtmcovnNy5GCMfoas,51.224738569,40,false
BC1YLj4xF3WhrV8x4dnRo3bypCKgUcRCyKWtwHH9mrjvCB5UHn8PEfG,45.9555004,1,true
BC1YLgFFAuerYgLt63Gf4GtvP3Bvu73ZU1pKm9iQtnbrjykTF96jdfQ,44.2447539,1,true
BC1YLiDopAG97uGPmYmpKgNyM5x8mqocQqLd9ebwyyBPQdQEGTm7gkB,34.6568133,1,true
BC1YLh7bi2KNLZ8n5z1C3vt7QwR1hziYEf2jT9nR8q5oB7G7MU1Ej9h,34.000020399,1,true
BC1YLgdsZ4xzCSP739KeDKpYcuNccB5jF82Zij4rtJudWj12W99ntHZ,33,1,true
BC1YLg8K8UsZDdtM4PUYrcaeD3SPKQ8FDQZMwKhWcpRPD7cHu52oeX9,30.8933118,1,true
BC1YLiucE2C3ym82xht7UZiXrqx3spPtsjP3PQVthZtMx5faeSuRVA4,26.0000232,1,true
BC1YLg4ydiVKNbrx29SGmZxkrfiogaHrs8TYMmWWo5pib8oVtNfchLF,25.4000164,1,true
BC1YLhwVdsWvjc57Aky2Uk1C1SwPzvjYVrWtD6CAXG1uD2JAFmHAtDC,25.312858686,23,false
BC1YLihsCia9browmer4wk4jGVgntBQkGeK6suTyavXKjrAK5XB2tGS,25.101515474,18,true
BC1YLiN1f55g2aPidvB7sk6M51fmYaXitMxCnbkLXPRfV2wMVnxymJv,25.00002,1,true
BC1YLh2ZZ2Q8gBniPqvzyaHw5w1KUVJujaJ1Fa83wMXrhoULh1oX2Gi,25.00002,1,true
BC1YLggmefmHswzfLuKGcYeLbBKFSDocvGvh3W8a643tRTcc3ZsD1gU,25.00002,1,true
BC1YLhqpnYFHXrpTg8o78atjJmc9PMdCiL3zPCEB94wuYfVxmHW9D6p,25.00002,1,true
BC1YLiQKxGk1dpv8JzzGCNZwnhaumvuRGnZC7MjBoRoZpvK1FD77sCH,25.00002,1,true
BC1YLhHAiRCbGkqpAQazE6uVUkbu4pTTSLuEUjnYdUZtXEbwYFz4nW8,25.0000197,1,true
BC1YLiSFY3F6JC7P6JttS1Wy8aFMrWqoL18q2mJjobJBFWdGuhSC9CV,25.0000126,1,true
BC1YLgmFJGjpGGvCZw1qqo8xxk7zosKGQbxGR3v4mSCccdJn2TV6yxP,24.9576815,1,true
BC1YLjPAoYEp1dWhY2tFEqWAaU59PgeP6ULQ3KTa86ALbnBXvGKbmoR,23.520835498,15,false
BC1YLhSG9rQbndofVVXdyAoUXSpxU4fkHqw22fWZHQE8VmY5J3J2o9X,21.0663818,1,true
BC1YLi4wEWwp18nYaJYenE9wug2dMwpou9Kz9fo87FKkyoJhNHyqtjB,19.3811641,1,true
BC1YLhfDuGUP8Th3TXFL4Z1PxjbYa7SvfQVB53KVD1H8W7pP1v2xG6h,17.3743509,1,true
BC1YLgzqw9pcCUYMDpVGuXSazMFkBVfh3c5Fw4xb2WzVz9wBEaZFtPL,15.6416124,1,true
BC1YLiXroJE1z1BrhEdcTf6zmUt87vtmsXFhU7W4vMDA8G2Js2WeeSP,15.019133,1,true
BC1YLhby2StUVfP9RmQtAmbJh6ZqxyGkbs2cycqbhXpvAgmJ9fKShgs,13.1825874,1,true
BC1YLhVKMk3ZddiLQ2b6uu6XHt9NextvGZpv9HJZk1zN9anmi8k2ftJ,12.2834457,1,true
BC1YLfmXYzmYMj2VNeuygiw9fodQ6fmU5dUjvURY72gE2HZcB9swMZf,12.1419007,1,true
BC1YLhk8xvnQTSnuacRRizhLmLGzBWBUeudFq5YXmZbR6nKFekgWied,12.1248274,1,true
BC1YLgaMeRckNHsz2L7GkHLXZzwZ5oTJR65c3x1fzDTcpkxVj17ntbx,11.7193084,1,true
BC1YLj2gtDwjuCqpukxyWDmqQNCF2Ak6Wzscabtc2yNSYngvfny24p5,11.7097066,1,true
BC1YLi1GbxWUmMTRMjdoHnrDVEnw2FsgU2hzND1Z7ECTmZJNGbAFMTA,11.0385844,1,true
BC1YLiPJDg5TGoff7RTPsoJJgk6QbQmr8w9YNoB5f6UBNguXfyyh6K2,11.0287855,1,true
BC1YLjBWCv15GuM5UCYNkHAFupdZRKkmxwvoUNuRcDmoJzhTJwnjR5o,10.019913,1,true
BC1YLhSkfH28QrMAVkbejMUZELwkAEMwr2FFwhEtofHvzHRtP6rd7s6,10,1,true
BC1YLjG8CqAfbLqnXu7UwvAu6DBMCWi3ARWzeJGXLQUG7K1FmzNLDY3,9.1559271,1,true
BC1YLiQqFd4ro1jw3XTZ4zxMjEQka7NXy4aTc8Km1oeDHwjBn2kXrDy,9.125453,1,true
BC1YLhdu6zswTuZZVK43bH3i5JqhJMLC68YvK2BZvnFwdCRe5h8nKr6,8.5781389,1,true
BC1YLgDJhY6xz5thCHRLhFseHdzusN8prZHzUitKVQs63uXPHtVZ2Rx,8.5041683,1,true
BC1YLghgFEiWvfmdxUVsTBvMHrdM2w58pw7qvYiBgqrAiYT8QLoo55t,8.431906,1,true
BC1YLhkLf8BtPeX2DsmkMjsHvCJZiYJXw3bDYkAsvwoAFerZg3yR9wH,8.3615317,1,true
BC1YLjJq9HyTSkmKsWNMB3ZwEC7bwXP4tQ3Jotm7verfV34qWKgxzAY,7.7641696,1,true
BC1YLgCYtpFg3CdNhHcvMm1meM8L1mQQ6ncaoDvHNncRXUWAjo5NxjA,7.6383034,1,true
BC1YLgZzsptiLe2F2VHaFbGUxKnR5KgzJJA3Nvb8QLLGWhLSM3thFfV,7.5582099,1,true
BC1YLipqcfFqeioHymZpixdwbEAy8svchgxfqnJuBtJNFjr1hSz24Fg,7.446369,1,true
BC1YLga6p3jRpaqdRVsdXW431Zboup8zfVwhXwRmWqHo7JBg3jZyZsu,7.4074286,1,true
BC1YLimbUp2oNm6Pa5XbPnEtTJ3asX72evZhr5rPZhbuQtyUix3RgdC,6.9992867,1,true
BC1YLjQtyCuiBHLYVBMf6rbP5eNq7n6ieHE1xgV3926jYMrsz8yfyob,6.792786709,2,false
BC1YLgSS8E6QyQeu1amRr4cGWW5h2K5soiDdrsrrKVdMRr7kdyoYSnJ,5.9358513,1,true
BC1YLhUX6L3AjrWbCz946xti3NAinfoyfMBCqDXB8QTscVjCTYuMUKX,5.7343749,1,true
BC1YLiPRqwypPB5A5zYhQjXYeNNqXVS8NDYnVzQxjpN6G4NvgdAU4uo,5.6506488,1,true
BC1YLjEn6n8k22gKtrF5XpsP13wfrfZ1dY5AeowEcexntCktECpvteW,5.5071434,1,true
BC1YLhHWTShFb6jqcQ9t45N9Ha6W22eL9eLCiNuJbc95QVEDp3vJ9Ju,5.5039713,1,true
BC1YLhoSyTGukSnxiSKsCkBGuayJRTDufikaAULkJhChcj2tuwnV73r,5.218786541,5,false
BC1YLh3sNyfh9ES6SMrQxwZw8GemQfCE79qKTCftDYzSv7ZkY4iXdvN,4.3956353,1,true
BC1YLgyJZ6iVxqWaDCTCYj8hY5QGFsCp8HvKogDgKuMXjU34TQRfBPR,4.3075993,1,true
BC1YLixFqbgDB61AWZT5LNkJLcZTdi9zbgiuMxQxnBNckkiZSu8CQMA,4.250517699,1,true
BC1YLiLF5uQb2Ja62AMXdQf3d47fZi6JWoYgAbZ5M679CYc9Xs4m1Fm,4.129865299,1,true
BC1YLjTNLUzzGGPLwAwkiJs4eZNU8montS37xFBEKZ5sGrrXpskvbQS,3.9999956,1,true
BC1YLgwD52evoWap6ZMZT2gi72XKjSv628hCzek1KrhaTdwd8ErRv32,3.8238914,1,true
BC1YLhPJLrrtqMe5hPKX2xqx6CTdDTYLskWRDeCyq3iJNij6QAWK8RD,3.4389254,1,true
BC1YLigrkBdUABtzBa6odgy9JNm43gQxD1vbckWdb9dfHrJ6FMgs5Ud,3.282631662,2,false
BC1YLhEcX2bdhVqWvD7xcisWY3zigRNwDq7nS2qXhWmc8Xptv2t4o81,3.2573789,1,true
BC1YLjPFPBS4mefDT9iT1X5YFovQssk1ezKnSRSaMDvtU7MPMEgMukh,3.000000224,3,false
BC1YLiM7SDbZmogh8XSoobAZpuj82pKpNtEdeMunn2wmCqNf4FP8Ji9,2.1938757,1,true
BC1YLhbWAhiGhEgwzZ2FS8PykqaiufA6tFWu97G4DTAifLakiYZf1wE,2.1575289,1,true
BC1YLgGNHv8n2ecazdf8nHQz7pmfmDaTg688t4xeiupXZGq3UHXMNzC,2.1318434,1,true
BC1YLh8guwyE9zHDXiKnfAkMJJJqbUhp7QcZgzA7nfLue7q2qiA3x1Z,1.9425837,1,true
BC1YLhMgSfVeJjNXTXfDGveciNoocXy1GSHr9KCfxA7EkSBrQTY4f8H,1.0000198,1,true
BC1YLiGvMLM5w7fTPcUrnpfjq7qaNwji1ym4WY78higYu3F1oLwq4jA,1.000019599,1,true
BC1YLg5MSw1ZTSgbW41b4FdxaY4o8yPyiWvkvs9UZWXgBUwjm3hPowq,0.9999951,1,true
BC1YLgw6k169i8ocTVoMhAaEq81TGd3rmxvytpVdNWUz5HgjZBNNqbq,0.9900174,1,true
BC1YLft7vZQFQb41y3vieMd5Fn9Wz2mUDQwrLnH5JwFJzfqCg4Z1smp,0.7928249,1,true
BC1YLiF9kQNcyuWdLhosFYc1L5ugwj7rteGbGPTZysKa1Vx4FM916w6,0.0999951,1,true
BC1YLggDJGPeT8g3vbviKVAe7j1RR5AAmmd5xaGGz4UbEgoiWcuHzaC,0.02002,1,true
BC1YLjVZAxDvd4LyiXutSpFokJE886XbWa8EVwc2Ktq8FEBmrysHvh3,0.01002,1,true
BC1YLgQieB9VNsQMU7ZwtnVCzfnNqzYQn42D1LmvRF1NqkuHJG4m14G,0.00102,1,true
BC1YLj3MHPZh6iicwyxQuspjSaF9N4ihhLswq6i4d9zFqGennQm4gZi,0.0009932,1,true
BC1YLhRH8X7hCRYMgLYaC9twBhtBGFERJRzE4wpso8i5M87x1bDtKz7,0.0009356,1,true
BC1YLiomyXHfqdBPUAgnQJ8kVAtZJhh9ifRL8ZotNwJhZaC97MkMX7P,0.0001,1,true
BC1YLgTH1HKksKTQe54VfYVu3RvvDw6FZihJMs1FazgMxcMSv5ULKiS,0.0001,1,true
BC1YLjRJNb5xkeny5L7sCbnPmPe81orhAwXqLfwWTqoRnGvvpJcDRvx,0.0001,1,true
BC1YLh6LNrdZCBr49SgiTyNyY32H38a8AWxwTY1ApgYFdZ15DWqbNKP,0.0001,1,true
BC1YLi2fmnUXexoECWFvuuByr4UzWVdxAiTt7pSVnSTNR4RBj4Tfo5B,0.0001,1,true
BC1YLgs99hv39No3PnHczSgmr3exquKLTjCcr7uXNrbys4FBEVtxey7,0.0001,1,true
BC1YLgxtv6k2bJzn5J3fnuF8Q59412yeUYRAXqRqooaBJvqiW3y3ij3,0.0000997,1,true
BC1YLinJpCH228CqmoBjAg14n8NerwxydwVCjBJcE185uFXzwScRng4,0.0000995,1,true
BC1YLhtokEzRxEHE5TmvPpJ8wzTr8YTweSboUNm2xSRVVfyWmE9e959,0.0000993,1,true
BC1YLgTCGxLyvMD1ngDDdkMmB8ivebq2sXrYU24ypTJ2yngrqjC1KX4,0.0000989,1,true
BC1YLg5C16mf4SpPgv4d8gUzBoTq6uTDNamwQfaFDVRZ3uFNMK9q8Eh,0.00002,1,true
BC1YLiT9Nv3RNhorYoTEfgkm3hLqHvykUPprp43nWaRsTcPHP81FdWy,0.00002,1,true
BC1YLgQfGA2jwPs2Ns6xCruqkaZchZRnZbc9hzAcdxJuhMCWK6HH1HY,0.00002,1,true
BC1YLi4ymtS7m9UsRQehvAYELm7Mih9VZwVm1AEhCxV9kVuHrUKdUvX,0.00002,1,true
BC1YLgKfbFPNkFwiofsqCfsVtLXsjn48MTgLr3d1uDXADECu75QrFyD,0.00002,1,true
BC1YLhwmpgeqF5L2nCQig63B4Tdo8tV3FSHRZrEU4tZRg2rgWtfcNqP,0.00002,1,true
BC1YLgFezgRHBSxiaNaYBRLeXieL42hGMXXGBMPZqVedVuNuagP93r4,0.00002,1,true
BC1YLjPVpdW83dXHRsLVX4VLAgCBDimwuVqsFkf182rBNGaGBEs5z4P,0.00002,1,true
BC1YLjYo4j9vVhjfcFEdEXVt9HAn9nPzLzoYKNFyzFWmzGdZBNTADSC,0.00002,1,true
BC1YLhh8vRYR2LmTuEMQ1c9v23JBtEiCFXgNEP4np8nShKr8uoiKoPh,0.00002,1,true
BC1YLjUaYPwiHUza4ErxjYCQGxtooakJkNDm4in4dbMDky7A5xVWnv1,0.00002,1,true
BC1YLghsBpyy82J79GrdzrRUKgdCX7qRQA6CpUxZmp3RoqbEHyRuNXU,0.00002,1,true
BC1YLg6Po7NprCb4SUM25hiR6dZyR23YiqNiq4XSQuTdaYdrKzC9Lfz,0.00002,1,true
BC1YLjNTCyWHroqa5KLsbeWUH6Dh4dfmp6diAVJQ1LVYhLwggvpuAYh,0.00002,1,true
BC1YLiS8HmcpQQncHcELw8YiJUQvwVCEsspzUEwVAuQFfxpmfo4CPCC,0.00002,1,true
BC1YLghqXfKrYnDjAzJYbmGZCU4HeQFLSRq5mfxU3aaqf4MXPBzQtGb,0.00002,1,true
BC1YLgjn3oDJAZ1V9Hq2FoPkBLo3zY9tPvDj9zdtywVNB31eLbEZfmM,0.00002,1,true
BC1YLidJrtNjEzYstBZA7jZ5CK34LLv5wVNtX41Qf6Jf7Fb8uhchLA9,0.00002,1,true
BC1YLi9V19ctL264ZyQvAcDiyCSRkhaL3d8H2GwjkgcSwJEC5S1JFrV,0.00002,1,true
BC1YLgbdQkwt9u4Q1FEf7LpQEgxE6bR31HwyrdB5Pv6uPDNzb6dveqX,0.00002,1,true
BC1YLiSwrZmanwxWNtWfiXs7ue8j8u945psRLN6ZfoMYLwnQMyxpiWx,0.00002,1,true
BC1YLikE1SwzSjJdRjeA6scacgRTNGQLtgZUhxfjGk5LzczQpiep4CX,0.00002,1,true
BC1YLj5DznUuzsK2KSSdC5d1WTYhsxpzK5dgy2kvKgMZt7y5wYbwx4f,0.00002,1,true
BC1YLhueVrWyT1muMhxTSWXqbfCY2V1sZVG6Ym1xUqFtNKWuzbjw5Ly,0.00002,1,true
BC1YLgAKwpTTDu4JMsWZACQEVTknZHyg9doKNzrv2rtXsvhXG4KYxpq,0.00002,1,true
BC1YLfmTYjGYzTQiUxQZZHSDBKJYH2wbPVDGdtCwQfLFRtkQJ9hC132,0.00002,1,true
BC1YLiSKvZfmM8nXekussgMhvE3g5TrBmMxDtAcKEeizU1kTY1W69Uy,0.00002,1,true
BC1YLhminadKYJdUHCW8Dq8A9AufL9A6LZJzd1e9bMQw6XtSpkUdZrg,0.00002,1,true
BC1YLj5trxrHGrXSr3Wd6i7XvU7MLtbQyy3ER4SSiwpJgDaadx1hQec,0.00002,1,true
BC1YLhFZMV12qR8gXnpiSqTJimy3fkGZkGjKpdAasCQT1s1pKmUJ4yj,0.00002,1,true
BC1YLjUxyWNkjvHVV1gTz8fVoWtRc1Vg15GzFgCDzpEn22arx8uadS7,0.00002,1,true
BC1YLfk1aEhSoRW8q7VkURA3GdhMhK9QjK4cPzZGP1t6sxdYgF7grR7,0.00002,1,true
BC1YLgvM6ELn1Rc5H7zAKwvaWxDs96xj2CJg4dG8H5Yj9kyx6Ran5Sb,0.00002,1,true
BC1YLgaLUwqdAWtfeYyAQgC4gVETdiK6iRaQK7kdza5skDbw6GA4qtq,0.00002,1,true
BC1YLh8uQa7UfuBKBLAhbBYh2d4ju1V15ZQpfFRjT2xnts2Cjj8g8oq,0.00002,1,true
BC1YLjNarW9sLfnJ7DR99H3sMEtKqtBSivLZksRiW9Z9MwrCLMqS4VP,0.00002,1,true
BC1YLgL79XtTM5LrzQf6Z9qZg1zpDeMfYdFov7YXgYkjAR1oZtwUonN,0.00002,1,true
BC1YLhmG2rApR5DdfXzczfJs7jWN8zehhvBW2ocxsDmoffVJQk7ni8w,0.00002,1,true
BC1YLiJ4d8uAAc9j1XPxrCQNimpA3bfQELRdnanhcVspp5wqWHTQwq5,0.00002,1,true
BC1YLhirLHUw98wn2xL2RYHBbRa1JRedqakygjzDa3aRK7dfUS2vP4M,0.00002,1,true
BC1YLjAVhBSE6mxBD3tHHYwX1nLZMUR7UJCokzXij2LEDDfimEvYCvu,0.00002,1,true
BC1YLiBXinpHZELGh5vzhSAPmZHrVP98ToB4iGffzWKE1KpdyQxyqa7,0.00002,1,true
BC1YLhsL21oLqSKndGuvhnFaQUvPm8XN5iFNqT6mss35kg3fcxw4ARR,0.00002,1,true
BC1YLixaqwyXVRZxdzREfgDWDBLHiPAStWTm2KRpbEpRwoQ7m49z1Au,0.00002,1,true
BC1YLj4o3kibE7MUd7kFWdiiWiaZFU9w2bMvhszj9qabzcGk88Sj9zq,0.00002,1,true
BC1YLg8oEEiG5zuVEo4mg9TT1VhCtAkWM8DK3BQqVYw6i6WRwJXY5sW,0.00002,1,true
BC1YLijbo6pks5unG16MkMKrcUxx3CbNJRyoyCiCKsp9cWPcWP6Ay8C,0.00002,1,true
BC1YLi8uopws4AVw5C1Kdd5G9fJDsi9jnNgeAXRZZnhBJXPZrpYNuWw,0.00002,1,true
BC1YLheTZmaAoyRZwYQei14iajJN5xnzZp2b6kBtBfEE8MaGc4ic4zo,0.00002,1,true
BC1YLhvTZNHuvcsZLB9T2yLpXQPZA4YPyEorWruX5ioR7QRDvXFEmRc,0.00002,1,true
BC1YLgWPwYRYNwA6pEWosKF5kfiD51XTrhSebEArX83JikRyt8dXN3m,0.00002,1,true
BC1YLhLwgqezbUWPsVcNpJExuWr7FhZPcsTEjuzx67tkxZGrbZawenW,0.00002,1,true
BC1YLiVmFr5oQe3J4VhwSoG1P4k6BQ3mBdN6DRN4Zz7UcWSVzfFQpMV,0.00002,1,true
BC1YLgpMgHCjATTnuGMJjt3bPQ4ngZZZe7gLeSLSsRe8eUeLiPqQCRo,0.00002,1,true
BC1YLgHyrix4biJoWU1DeGXU41d5GFaXUHEfeoEg8nitgtfV5PH58rh,0.00002,1,true
BC1YLi3J6EaZog9Z73R3ePRSuTs8Zzq9Fv1nkw3uKJ8hU2GjB5KaVcb,0.00002,1,true
BC1YLfhb8pbM374ctoXJssPTF3M9k1bU7KTHLRb3n24HEDNJBd7D9QQ,0.00002,1,true
BC1YLh7ZfgoRrwkH5xAxD7FgeQQ8QHVeVCRDKGqsNJf1yrEj8rvrMr2,0.00002,1,true
BC1YLjFe21JsHhc7q3GoWFyCcCzs6kfzdSuPhNaLRy5sushrac6Bdhp,0.00002,1,true
BC1YLgH5u1oksERgWsUp48JbwKgQnkkb7sbigRL62zb3w9aGin7vcDW,0.00002,1,true
BC1YLgDhWWx6sSYTyjRzn232bhJo5k5JfKJpi7i8Q8kqMU9wyCX5SG1,0.00002,1,true
BC1YLjBxKjyopwRqZQkZaQKZbzq1peYv1F8rU2aNBQFe8eJR2eXR8B9,0.00002,1,true
BC1YLjBybUmB1dQpRg4z5A8xCfT4hrSRfZbhU5GjiP5wDqvf11aT1b3,0.00002,1,true
BC1YLgHWqr6bbxYBpbQrLNfuTSGcyGYRcjTRYHfyjjDghMNyB15m6YU,0.00002,1,true
BC1YLhbGfR6ysMEEg8chz4rxHcXtF5mGkj1CvuAX4X6E6DwZ881xrXi,0.00002,1,true
BC1YLhyNxUiPg8rXvVuAWsF2tZyc1wr7K5BubAXsmo3Z4CNrMZ7JMsi,0.00002,1,true
BC1YLhKb3vYTDiMCWZ2QgxfVoQ84yeW9rEqYYUwxoA5N3S2vhPPRVQF,0.00002,1,true
BC1YLgTCmNLxzNcag7EsvTjv7BPapmYfo8eVHoCEo8LoLJ9xNYLYooM,0.00002,1,true
BC1YLiWad1qC7uqXSmR1Xg2j71GmRpmQPqCiGuuuULFyBgrYTXfnVHL,0.00002,1,true
BC1YLi3pz3WQA7u6T5Vda7iC1o79KPoEoFaf26EXkrcZA4SmW3kcQdb,0.00002,1,true
BC1YLiAGZUvxNGmsHHKxskef1e4paJZdfwdkVzJnhRCucuSAknR5Bcg,0.00002,1,true
BC1YLfsgDWnCgUpHAAWTUwJXwrDrGUtHDcPKe5MbB6CeQEMfCg844UF,0.00002,1,true
BC1YLfzKiiVaAGmYawWhjKhNfgw9dNxz4cSXBEY8ETrw81pTPBT6WTQ,0.00002,1,true
BC1YLjQ114E6hYCf3Eb6QT8h8vK8vybNMcYu5G7DGZRfWU7upK1jj1z,0.00002,1,true
BC1YLhVWpuqmf3b89jEcd7rytZjXcbQMZVP69cgCDxtfaVo2QjPjQjR,0.00002,1,true
BC1YLjJz9bsxLNhDEYT6uycyYYnMgZcCnkEfdJ5x116x8btyXfg2siW,0.00002,1,true
BC1YLghCtKwXChfp6t5EbktpdPFLS86hK7CryqxEbDq11Wwk3YGPG43,0.00002,1,true
BC1YLiRwSz9zqBSqXZNhmQK5m3Scuph4wiQWRRTfgmE1z7VkFVwEssH,0.00002,1,true
BC1YLhnq6q6bUYfgpYt28XYuAtAiuUtW3iTrkF3JL129wqBLyXQiUpN,0.00002,1,true
BC1YLhiniq1pmHX4RZ9L2KKEgTmk9QwRr71aLPSVhmnrcDscqK74XzH,0.00002,1,true
BC1YLgwSeyQdS8LtM7v8mFc18vQ6LPJqXseU47tmzYfKMUF3WuxvhYW,0.00002,1,true
BC1YLhzBMDqvH3pq2fEYSK3NjJ6fNP1YhkiFG9rT1iZW8B3JGhshMep,0.00002,1,true
BC1YLh6n52WFCrqX9MZVJXSS9YQs5F7hCtmpFvPdBxKgFZBfDJUmzzB,0.00002,1,true
BC1YLjMbzT3MHwSyYu3sSEEecng6t9RiwfAKULVweJEa9k55Lm7JE8M,0.00002,1,true
BC1YLh3s67v6F2ZdYjaEVSUH1AZekBdtb3DzgBTntGPir2pEV9GvMTb,0.00002,1,true
BC1YLiBpEXVArgZcV9SJxEihLPxWz9dBLDVdhqn2gsRACBcRFEJ9CcB,0.00002,1,true
BC1YLip6KqQnjFEe3tiEi2fSHbDQF1LPK3weuxbvVmgLBMjbHVy95dn,0.00002,1,true
BC1YLivxp8PS733Xobraz5W8DutY7qAU7ae4rKkEboXUHbkizzrWgDR,0.00002,1,true
BC1YLiamBVeiAAMg4Gxnwn8VC7VPymzfcXt1N5pvpz5VtyhQaPG362D,0.00002,1,true
BC1YLg6S7Dwmzxv5A74WPQ6ryujTxn1GAXoVWo7RA9Cqzz1JK4ucoUZ,0.00002,1,true
BC1YLgeNvVbxFzAcHfhfm7bAyT4dnv5s2eogr5ZVcTMmsawDX3E3R3J,0.00002,1,true
BC1YLgUhbMjwZKbpEojfjvfRkUtmZWLFWXwNJMgmRfjySVnyLJycw8z,0.00002,1,true
BC1YLj2sbjg1D62UshW7LFcpXTWF7WtaddzxrS332r5nXhD82pEvVRx,0.00002,1,true
BC1YLj9UCCtief1Ph2aycYyh1FcNDQ6nhWQmruDTtzf4BpeYFR2TVFa,0.00002,1,true
BC1YLj8PgQqUhjno67EN24bNeoRkzQGmuwu4y6Sb4uaBXhMBbzPSoky,0.00002,1,true
BC1YLfiS7b6ouA1EdPeQseuFf8id543aSfmWtAr1GTDNf8WWsz8tta3,0.00002,1,true
BC1YLhFv1GMDHrVkwcuYL7Ka8rvNsFJmd37XEjcfxGh6oHR9N5AgNv2,0.00002,1,true
BC1YLiJTFDbdre4reGJfsgfGMTuZHskA8yNnQdLRxmD7yUsBA2BsBBe,0.00002,1,true
BC1YLhYqAwamF2dXVWqLz8Qj33LP23chWxMqm77eaRwJezwijhzsCPT,0.00002,1,true
BC1YLh4Jh9VDLV8NHLp9u7AW1jSfHF5ChqbYsdYZ4t3t43Do83rD6ah,0.00002,1,true
BC1YLgoUiEfDoAnKUFvvF5tiLwzAYsRvSR2DJJkNJUM65ZoNkkw7SH5,0.00002,1,true
BC1YLhmHnCUwjtHutkfo4gHgFTuDJf3oY9TDZe2D3qZznQoZCKCbse6,0.0000198,1,true
BC1YLhanUrtRAQNfJdipDL1YcFDMzBoz9wAPLwiRxRZgncwkT2CRaPe,0.0000198,1,true
BC1YLh3uGLHdTSpVZGMf8ZbkiF74mZrkBW8XrJ5RXUrEqpmkWQyuHAv,0.0000198,1,true
BC1YLhxYKa7nh8eGZq5hHLqjUrMj9q9aqYmm8BniBx42Ad7au1gZAD2,0.0000198,1,true
BC1YLj7MFzPtFnFsovAmg3oetz8MrM8u9ZzgJepEEZzetqUNYTKJviG,0.0000198,1,true
BC1YLfouU217utKu45N3hzVM2tvqrdEuNNopZ6R3HCeXLiUQzSyVJDA,0.0000198,1,true
BC1YLhRcFva9A3AjPgfsLFm5bjpCvxHdwn9r3E7vAppMQ35qzZME2oN,0.0000198,1,true
BC1YLjLX9QtCuyAVYTConF8w4jTc3LWiYw6ByLzybtkwSfEdWhaetgu,0.0000198,1,true
BC1YLjANz2PNneS6hDuJr83GXydar3oPf5AjdN5SgFRtB1JkfpzYG6N,0.0000197,1,true
BC1YLi2Hu2SC8Q1jaJiyVVsdnzrWv4gmuggkTowyY5YVri821GPDfZv,0.0000196,1,true
BC1YLibb5trZp4DpBdJ3ZiKD2wpY5wS37bwLSr7DfyAieRTRSk6Vvqx,0.0000196,1,true
BC1YLfoVBzjzHE1X2jQZKXS1ZLDKsVzFQg338LCxwKzLXcRHLLQfsKM,0.0000196,1,true
BC1YLimb8mLqXi8wqJQPRabswUJAEeSGtmhnfATAYLAbVymhexkaEJJ,0.0000196,1,true
BC1YLjVDDSS7cHwxrkiZyDBkAD7ix5LrRMgDSnimP1m59Gkht3AZSKR,0.0000196,1,true
BC1YLhEH9j8MJ1pktwwJ2sGJ2gBmXQwMuygkGLqDmzmiQ3D112d2mHP,0.0000196,1,true
BC1YLgq6xW2ibdaHpVi8qxZrv8LF8JD1g5wVeKvoU6QQ58vrjWKyvzG,0.0000193,1,true
BC1YLgUim5MWqw3SizqfQHyCE2kN8dEhQ1Z64KM6G9iVApP2orTevJS,0.0000193,1,true
BC1YLfhaWMwxcmPe529z84YZkFatYZBKRqtAwsFKxLf5QNqrARXEKH2,0.0000193,1,true
BC1YLfjheD4kn84e2sGqiAmY4dqddhw9vYuqKbqVffQWjXaY271hmk7,0.0000193,1,true
BC1YLgDRafscr557Mv7p7mEMqddRpJu7GBMzjtjNfJgPd7qBKcU1uFj,0.0000189,1,true
BC1YLjWYFvpN4RPG9WNGizCyPgFiu9UQxoNrCKQ131xxb1txMqJkA93,0.0000188,1,true
BC1YLjDmsmM82vdpsPkHrZzQL3FMimjrb9xv3V1RWqgchKBiwBAirfs,0.0000187,1,true
BC1YLgStRUQ2Q5mCPULeGKsz6rn2x9rwbVaoE5QaF7YkeURZTfv1W1W,0.0000187,1,true
BC1YLgWhtZ8e5t6pQ1PJVdDX64JeMhmpXeFL8yLzHfdCJf7J3LgcPdu,0.0000182,1,true
BC1YLfppjUnSGReBTM1b8jbnngXc14CaKPUSX4q8AMm1ML3JMYsWQEt,0.0000181,1,true
BC1YLj2PEiYppiF1MnkdTK2YRSRbAZfdNVnAU3aG5Ab9ySwpSHCNvmN,0.0000177,1,true
BC1YLi3dwd2sQZLxzrJuY1BUWKHqkesfac2sRj8ve5H7SS4dEQLU9ux,0.0000172,1,true
BC1YLjCiYYdPp9FpCJTKRZEUxJ9A96ML3qiqz2mSCCYH5h4iFt7JCqK,0.0000172,1,true
BC1YLgDettGFB2hsUXy9aNBAL7zwckTFhBd6i64W8LZfB3PdjdwRPXN,0.0000172,1,true
BC1YLi5nk8VJMxJTR197pRjoxxFDsoYTUgN2zvMrvmrsRKjCa5zRf49,0.0000172,1,true
BC1YLho8B4xSRdG99FEKEqA7kjGaQRMWsyAocdA8u5FrhDqQbTySxxW,0.0000171,1,true
BC1YLhKddTawsGQ7fBtGpTv6n5LWyJnMhAyxXvohvLqdFpbtRHWFRPH,0.0000171,1,true
BC1YLia9hQ6t6eARvWT8mKuPnPyMdnV32Qax7j4gtavAFsr7Y8TQuEn,0.000017,1,true
BC1YLgSMio93sJzMbdQx1Pmz9gw8h3J9dLW5p3PfgBgpVbofyo7Yw85,0.0000166,1,true
BC1YLgX7xbYwQEuN9ccmH5aiNUkAzdRHw3FdLFKyqA5gTHBYhg4TTpv,0.0000166,1,true
BC1YLhVQjdDmeVq7DLQCaANEuAoAgC1DZTaN2NscCGn1cnQn1NbXset,0.0000166,1,true
BC1YLj464NDsoTjWRDz8EncMjLmTVro8mdSG9VBnDPohHBWvXtHTwN9,0.0000165,1,true
BC1YLi9rGdqvjQq22AtWQ4TLgaUoydNz56yeqbSE2qpRh1xPT4iwkJQ,0.0000164,1,true
BC1YLjWzducsodtF7pkHcE3jB2chCNpCBK6Egi2Cj6S6hE972VUciTf,0.0000163,1,true
BC1YLhFTaYe5Yg3RxT32bU5U1vD4owjjNRpVwpZNxN396TJQYgjgs8z,0.0000162,1,true
BC1YLhXsRgphzHNg1uTz468CL9BrzvwG8X7y2Ygak63pAEzKQJqWYfe,0.000016099,1,true
BC1YLgtPfQDbdyyGnnErD1K1eMfiH6ZyqzJn7WeoBJTSiXNLiKcrxs3,0.000016099,1,true
BC1YLfmJsrNYrkTXaznKNMgecHKiQoLp3UrQVxwM1S5creyyTt3BRCn,0.000016,1,true
BC1YLiZWjRVmPU434MNsSnTYzdZarYLknP8hnSn58TKhQuYA35wFnVa,0.000016,1,true
BC1YLjB61zfS4AeAYFtKVRH3tjAf1pZkMUagg5zZaK4dQxYHB39Y1cP,0.0000158,1,true
BC1YLhJ58rynRUovcPxMvuyfgBcVn8JanBR2yqkFjwbXk3y8H6qfFNQ,0.000015699,1,true
BC1YLiyxQAo5GuoegrTMEErPkGE8pyevJqGYcvQ9GcKbKhGWXJRU7Xi,0.0000156,1,true
BC1YLi5DbAHuFiP7Vcwd7QEMsg3Fn9TXrugLejqC41xMeMs6p7E5Q1m,0.0000156,1,true
BC1YLhVLZC1YbppCHeYyfWqPbbDABzFSCQgapu3Kfkimf6DUbg7we5i,0.0000155,1,true
BC1YLiwWe3xxwFK8sAUXAu9FRfXghSDLcVcLnUUmZovBFjC3ZPeyrQB,0.0000155,1,true
BC1YLhoAU4u5NM2TwdQfveVu3q72cMFbATsQSkrBQX6uKWh8Nqc2U22,0.0000155,1,true
BC1YLggMXeJxVnZDLr1UbMRZa477t9EstLnKm6AD5kcEKm2isSjq6LR,0.0000154,1,true
BC1YLhV13uMUvK1SExy84fJJ6aLvPCd16SKdpPVF6WzaaB2NsyYMnrY,0.0000152,1,true
BC1YLhHquMypbweW9NW5EYSmEZkWuuNzKYSa7jC2MdKWgh81K6Eyq5o,0.0000151,1,true
BC1YLioaJURMVYBkeHRAaZMb9KkG28hJpH5kWHJ1rz8796XCaWPbKDq,0.000015,1,true
BC1YLg5DK6ieWWx2sVwaUHTUosPbvEi7QbBP8DupySfPYpJL6SQYqYT,0.000015,1,true
BC1YLjXogGyqGacieuSBLC59SqcDPMtXmt1uvX8ycGhEfBWDAbVuTuZ,0.0000149,1,true
BC1YLj424SLykG7Ki4EzfxYDPFbFpXkSbFfaNY2n2TSuZGeXqTaFYai,0.0000148,1,true
BC1YLitWPanfvnYVHQu8Z3CyPJJbj86WX3sMPJQreAzTSSwbspcqAzf,0.0000147,1,true
BC1YLfrtvNNDhcHKKCe2W7CSYQyNZZkroyuh68ndfGCgLhn5qvsmNy5,0.0000147,1,true
BC1YLfujvtSL2Voec1yqSfP9hRc27VSde6YNsjThkaY3X9RW4pWXkaw,0.0000145,1,true
BC1YLfjwbhTDCnkV9LsdRM7n4meA4mAT2uDTuXcYxKo156WmGhx1Dan,0.0000144,1,true
BC1YLiYcLoC2EhwgBCcvdYYCF7FLfWE6PjcMCRTMjRcZvDk8dXMwA3c,0.0000144,1,true
BC1YLg6dFR2Z7QUSykSfn7cfibKBLntGPhco8LRmafbvwEEew7gzojp,0.0000142,1,true
BC1YLgpBYckLyFN7VTiJ7pq16exihRP8dWsxzbXu3TZ66asDeFj8URa,0.0000141,1,true
BC1YLg65nVaxCYr5didrq7QX3QWHGDCQodc3pnFLNat8gNE1gMqcUxB,0.0000141,1,true
BC1YLjUHuFfZioF5pJF9U8XbHHsH8B76dLbsRbX8LgjgEwif9kDPwXf,0.0000141,1,true
BC1YLjWmMyL5MXkZGKaW8JSTybcC2t4kBQaSFixgc8hXpqYhpao3aw6,0.0000141,1,true
BC1YLhX6CtDeEt5HP1diip3Uq6Ao5DHMHew6F25USf9yKpuexUMfviE,0.000014,1,true
BC1YLjTQaryPQZfg5xcQUm5iTQTQCqeKiL5bbiVqPnRdic5ovHS2oo7,0.0000139,1,true
BC1YLiLiCBknaDoFSirhmbr6B7L9EBeWpbZ6HQjuqDFWZmyN3Q5Ko1Z,0.0000139,1,true
BC1YLhLxesQoEpSPBuZQAdyDG5RFRPGZbHBCNFtpNGpUAT6txUuCHoq,0.0000137,1,true
BC1YLgQTrosw6nsHbVq1dAx6f7SceuhvEgqTwMFc9pxZNSbxi6nJ7qw,0.0000137,1,true
BC1YLgJhGKPftHzQypAhxAnv92Vy6dbYfXtDW2VrxuDuQ8QFrKA1SEc,0.0000136,1,true
BC1YLgBvfwnY1WghTSC9DS9Bog5rgPgm6TYeWARMwoBve5PW2d3qQsJ,0.0000135,1,true
BC1YLiWzDMT9TvwHc83UDHrAtvAUJqUxbsccjhQ89DojW7C4QnKk8hk,0.0000134,1,true
BC1YLiztdytSZNbA4vpi53MDkRkEuzxiy854qSKBupGSNdRjXb1VL8E,0.0000134,1,true
BC1YLhF6eS5Ey4w4rWmkn8ZGB4B5V3B9C5tp5akwdJxkSpWF1ebrWRH,0.0000132,1,true
BC1YLiidPrJ77rkFpqoJbP5RhvRXHxc8Td4FHGoiEjjeoNo5gVtuG19,0.000013,1,true
BC1YLhUCS5hjuWLaCRBwXXXcnkWDKT1qXBHZV2Ct9Gxsb9dPyvLziCG,0.0000126,1,true
BC1YLfmQ9zsNCUzr9W5wwTJTiLGHWL7EFaDb8f5Hft6Zp8Mj3p166Qa,0.0000125,1,true
BC1YLiTen2LS13kg4dMyaUaoSAFQCAKHmtbUV7dHTbYGktvrFRzco58,0.0000125,1,true
BC1YLfsfqgGCTJNLHr7fgz4q3TmJXsRkiPHtrr5ohVePTXjDtJypc7C,0.0000124,1,true
BC1YLiVEGbNdrFQDDdw7KMyXvreYDxSrar2fhwTDrGKKM752z7vbXoa,0.0000124,1,true
BC1YLiKPcmq6izN2CwxkNrVBnrsrLyL8p5SRnJ7HwWhKWbWSBhuimru,0.0000122,1,true
BC1YLiigtut6prpYNGD3HHLCRnA9cj5cdcvf5hV79inFvtsdYhWRdh3,0.0000119,1,true
BC1YLiXM3fFbnbHMxT12mp2k8RMnsk7YRB37QsbY7xnuau4eQpW64Hu,0.0000114,1,true
BC1YLhpT4EMPFwHnFwwRaYFYnZFfJsfmuvpy2iewczxtuikPa3hwxq7,0.0000113,1,true
BC1YLi5h3KdB3HDeefhw1sfjUV8fdYY3jvnkpsXhrMZGd9yaAH3TD1n,0.0000113,1,true
BC1YLisBzLi4PdPyHVsBgYZ8haLvXPNTVqHxqEVMy2ypeXBxnkv4qX3,0.0000112,1,true
BC1YLhvMEnDouy2pw4cBBAXSHycTEJxdSuDrwJ3tpneFFp4f4mSDq33,0.0000111,1,true
BC1YLiN8mVYMz5nXLBpgETuxnSf32Afa822656zmgTCGdmJec3ARMqZ,0.000011,1,true
BC1YLiTroD1DA7GYYmhwFNyp9VYb8gYdn9M93RjmUYaza2vB3ppTJsx,0.0000106,1,true
BC1YLfpEnjYZCBSik58RAcbPrj72iccKnPcJfukbxHafU9f8ryvC4BJ,0.0000105,1,true
BC1YLh9S2qg3efanFymnjQ5DMmJBpZvkD4oKF3qRHKsVHy9V4TjtVYC,0.0000103,1,true
BC1YLfheqZD6k2NTezAx6zWX1KmFVHVECuynRyHmc3yD8cWdGZQNVLv,0.0000097,1,true
BC1YLgnSkJ9TcYPf4QAmNMQ9HjmKJfp1cpN8GcYUHyZ8Rrj9BT7LM8H,0.0000095,1,true
BC1YLfuD5AGm2guj3q5wF7WGi3jTUzNhHUHc84GtVsk9kHyxbnk5V1H,0.0000034,1,true
BC1YLgonuZ3exi9EPriDK2SWEeWFX4HCf9WXbXRUezCqiouRBMVq5XR,0.0000022,1,true
